,Age,Salary
Age,1.0,-0.01860546523994022
Salary,-0.01860546523994022,1.0
